,queen,passage,bat,park,ring,match,bright
0,-0.8914307,-0.06245758,-0.39657682,0.11788365,-1.2296914,0.76205,-0.48765862
1,-0.51342154,0.20254865,0.43496057,0.92809254,0.99240595,0.43916917,0.28504527
2,-0.63121605,-0.45260602,-0.09841662,-2.545225,0.375812,0.4994209,-0.0955421
3,1.6951513,0.51996136,-0.19983304,1.0074605,0.26639217,1.4542599,-0.64130116
4,0.2693213,-0.36310327,-0.021346554,1.003668,-0.032494403,-0.39378235,0.35457325
5,0.37592527,-0.49097034,-0.030868199,2.3400118,0.9035771,-1.5122743,-1.376574
6,-1.7429651,0.050231054,-0.18815447,1.0307345,0.5627715,-0.0064345836,-0.4808749
7,0.83711386,1.3470637,-0.060873725,1.4043266,0.21654777,0.14526543,-0.13941671
8,-0.66788906,-0.4511441,0.042049803,0.66041315,0.033635113,0.8544618,0.24917984
9,1.7250167,0.28712344,-0.20874515,0.0062934808,0.79671085,-0.08102632,0.673477
10,-0.81269914,-0.62163115,0.51257527,0.19087827,-0.93130255,2.088663,-0.5772161
11,-1.688555,-0.32472634,-0.8289118,-1.7023058,0.015435174,-1.007246,-1.5742477
12,0.78156817,0.4080738,-0.42900634,2.0754545,-0.89326173,0.5243964,-0.7018431
13,0.5644165,0.63797456,-0.027453413,-2.5360086,0.3881719,-0.95146376,0.7348591
14,-1.0717309,0.46497366,0.33336207,-1.6977491,-0.1561313,0.2693481,0.23571368
15,1.01541,0.4510446,-0.064841375,2.8467867,0.72544134,-0.8831546,-0.28464156
16,-1.0161977,0.23311877,0.1089939,-0.31647873,-0.75213057,2.0140777,0.067460366
17,-0.6224905,-0.23832932,-0.7651663,-2.4107547,0.41971728,0.015935043,0.3607119
18,0.58488566,0.4169057,0.4633192,1.3597523,1.6145297,0.10625945,0.97451204
19,-1.3185341,-0.6403355,-0.13527277,1.2538153,0.14386445,0.5560824,-0.7374849
20,0.30001897,1.0329461,-0.12944564,1.7989722,-0.15707888,-0.2998979,-0.13105175
21,-1.1776091,-0.42627317,-0.1450354,-1.3726014,-1.9035753,-0.81404966,-0.18757945
22,-0.1531772,0.3488129,-0.063616954,2.0663083,0.016454952,-0.32034582,-1.1623467
23,-0.2855772,-0.2502795,0.5268963,0.9874446,-0.013109238,0.0008640494,0.04112246
24,-0.2819066,0.070329465,0.009149926,2.007199,0.36993846,-0.12337744,-0.41241717
25,-0.31702903,-0.24979582,-0.1325003,-1.4753097,0.59767836,0.50350744,-0.15343386
26,-0.2804993,0.41174453,0.8551435,-0.004310227,-0.020586323,-0.062761754,-0.2731132
27,1.4446317,0.9682525,0.62110394,-0.17225464,1.6327895,-0.76115173,0.49276713
28,-0.7844809,-0.38564467,0.53642595,1.1509271,-0.5908399,1.2064793,-0.52181464
29,2.1611443,0.10526038,0.25670406,-1.0945135,0.7008602,2.309106,-0.59157956
30,-1.4320766,0.08608201,0.25958204,0.851971,-1.465348,0.38926688,0.6268441
31,0.95688665,0.8951232,0.56557655,0.04452331,1.6856469,0.9560579,0.31960082
32,-0.7524191,-0.3726838,-0.6106725,2.0853987,-0.8674448,1.0253284,-0.80985576
33,-0.8501504,-0.6980305,0.15936388,-2.1195443,0.23296334,1.0751064,-0.34294662
34,1.5817602,1.1157268,-0.026710395,0.0386174,-1.2878094,-0.6116925,-1.0430226
35,0.105011344,0.50746745,0.39376557,-0.41395053,0.44616178,-0.36078343,0.11051694
36,-1.37532,0.1528828,-0.35492182,0.6180342,0.755763,0.6784772,-0.42325792
37,-1.0800605,0.6539332,0.75790554,-1.12845,1.0261976,-0.43412188,0.60737944
38,-1.9943426,-0.6919491,0.049485326,-2.471485,0.14257114,1.1373929,-0.5659103
39,3.393433,0.4449649,0.14564033,0.33720073,0.07534206,0.8861768,-0.74755126
40,-1.1251723,-0.16923788,-0.29692808,-2.0483296,-0.36670443,-0.43692163,-0.028856725
41,-1.7174208,0.6015979,0.3306833,1.114456,0.6067144,0.55251217,1.0756229
42,-1.1002012,-0.08437182,1.2045909,1.2553537,0.9415623,1.5074672,0.7749963
43,0.51342356,0.36546832,0.61622286,-0.034578085,-0.33401057,0.41447356,0.29644775
44,0.3518293,-0.5486936,0.40147835,-0.65131336,-0.37770104,-0.10923137,-0.3094189
45,0.27332637,0.20667756,-0.5478907,-1.7836006,-0.3295872,0.08530563,-0.2997386
46,-0.04965496,-0.36435398,0.1749508,-0.8241191,0.05165308,1.7086669,-0.030014932
47,-1.7118559,0.0047131563,0.041536283,-0.018333212,-0.6034747,-0.09610658,0.004121027
48,-0.77900743,-0.07029933,0.6936064,0.84123397,-0.1373858,0.47123438,-0.16628677
49,-0.29269898,-0.81074345,-0.40947217,1.1488395,0.058294863,-0.11178842,0.065831974
50,-0.57175577,0.17289324,0.26711005,-0.15570807,-0.55853003,-0.38089377,-0.37763262
51,-1.5238026,0.016737355,0.3796764,-0.20130928,0.3627331,0.16261786,0.6281869
52,2.5337977,1.3351387,0.5144351,1.394099,0.31925246,0.35555077,0.64212495
53,-1.1369121,0.67334753,-1.0287567,0.30654597,0.51811683,-0.36979526,-1.5134821
54,1.5483501,-0.03379598,0.4861931,1.4934739,-0.12036947,1.0279408,-0.37138173
55,-1.2313249,-0.17224973,0.59506047,-0.426387,-0.44705215,0.28204238,0.47401246
56,-0.16139263,0.4890413,-0.31089276,0.20933767,0.7051635,-0.3451902,0.3865916
57,-0.76144356,-0.30029947,0.33056355,-0.5135671,1.2591391,0.9474242,-0.68492556
58,-1.3408041,-1.1028652,0.23820162,0.9208551,0.23983991,-0.13087404,-0.50542325
59,0.27691984,0.59903806,0.28382874,2.6623828,0.6248194,0.0057668616,-0.29495314
60,-1.6088216,-1.7226084,-0.19086921,1.1413015,-0.22648299,-0.89544386,0.07830474
61,-0.2066693,0.8436147,0.790655,-0.45080632,0.6793985,0.118880436,0.6755882
62,-1.4311631,-0.6138996,-0.44707102,0.48977652,-1.2386078,-1.2424345,-0.4440412
63,-0.2998733,-0.9483735,0.08279376,-1.0834837,1.5940527,0.6620401,0.6508765
64,-0.23616794,-0.19514637,-0.05798504,-0.15257499,-0.15129107,-0.045366317,-0.63899577
65,0.26800725,0.53538275,-0.21377952,-0.39572483,-0.668987,-0.06059338,-0.703585
66,0.8422416,0.4510641,-0.59422255,1.2692157,0.2513272,0.18241388,-0.4436568
67,0.32653335,-0.07273946,0.65946096,-0.33626354,0.36625075,1.2819896,0.2006167
68,0.14837748,-0.38652113,-0.44541076,-1.0151672,-0.31139043,1.0765308,0.5676305
69,1.5433497,0.49744096,0.35064012,-0.4679885,0.71104646,-0.35752738,0.6425924
70,-0.17789918,0.17573094,0.93768466,2.4471848,0.9502531,0.17134541,1.0245979
71,-0.039031927,0.6281327,-0.4275522,0.92778146,-0.46906835,-1.2454456,-0.66432655
72,0.3046113,1.0740082,-0.19241388,1.7591364,0.21297924,-0.31260136,-0.5686992
73,0.41175586,-0.62551576,0.048548922,1.1858206,0.46825054,-1.044639,-0.38458595
74,2.1684704,-0.45196977,0.34107596,0.55077976,0.2037052,-1.1700717,0.14195687
75,0.42290378,-0.22798952,0.3620715,-0.72157925,0.4700749,0.5841623,-0.067521006
76,0.25779286,0.56360996,-0.34782323,-0.48524585,-0.9722171,-0.49413693,-0.7633685
77,0.42514986,0.10165981,-0.47932294,-0.33674735,-1.2563821,-1.2210783,0.24070212
78,-0.1308083,-0.35111907,-0.34217158,-0.6882765,0.8667813,1.4443276,-1.1079861
79,0.06264013,0.6082024,0.08569756,-0.67261595,0.09378985,0.4704944,0.4366672
80,0.50846934,-0.38680178,-0.39059174,0.39056998,-0.20617029,0.80464387,-0.6527642
81,1.1038074,-0.72525305,-0.1688574,-0.030818162,0.41960207,0.29410398,0.6960916
82,0.2738017,0.48214886,-0.36885542,0.032750037,0.85161215,0.016644299,-0.4229401
83,0.28687733,-0.7645221,-0.6128247,-1.3016253,-1.0757079,0.07838393,-0.171692
84,0.46743044,-0.078950725,0.7652285,1.2021447,0.0944368,1.0738581,0.5165639
85,0.940626,0.03705016,0.038902994,-0.46000677,0.64697564,0.19266783,-0.091247514
86,-0.56162363,0.5294658,0.6177177,1.9040159,0.22625399,-0.732247,0.8986401
87,-1.3699462,0.24117109,0.21530841,-1.533816,0.52604043,-0.5528813,0.56763905
88,1.2952821,0.5627214,0.111833364,0.0004766404,-0.9965575,-1.6073089,-0.73335874
89,0.8127134,0.90093124,-0.5644667,0.9158218,-1.2420167,0.44134775,-0.63217
90,1.7628428,-0.23257406,-0.3685207,-1.5612658,0.33741584,-0.8044668,-0.078825414
91,0.81408453,-0.23287006,-0.23858058,1.9428344,-0.84561574,-0.4958932,-0.09412843
92,0.7324497,1.265106,0.24147156,1.7483832,0.21726587,-0.7445957,-0.12162939
93,0.5688522,0.5249668,0.5292774,-0.8741562,0.535692,0.32282758,0.29856682
94,-0.31602624,-0.06248059,0.80431855,0.69150126,0.5920967,-0.32943177,0.04816484
95,1.9700251,0.11289557,0.44627365,-0.58980536,0.008635185,-0.15927614,0.100273594
96,-0.6425142,-0.46022293,0.5609585,-0.052510027,1.9720179,1.6776187,0.2435123
97,-0.11083926,-0.9786022,0.0636776,-1.0529412,-0.056915924,-0.20950429,0.832738
98,0.84541374,0.78205585,0.0121715795,0.23973937,-0.35424915,1.7868376,-0.048655156
99,4.367372,1.0150291,0.30663618,1.024869,-0.029980063,0.37496832,0.808386
100,0.9324967,0.6055008,-0.32788604,-0.9232415,-0.08099399,0.9747333,-1.1828536
101,-0.9204136,-0.92074066,0.55113363,-0.24913746,-0.28737283,-0.47179297,-0.2622964
102,-0.22932656,0.23055394,0.1044383,0.22496037,-0.26287192,0.1056394,-0.49877656
103,-0.9696018,-0.47992948,-0.3455545,-1.8313485,-0.6420265,0.03907306,0.09160052
104,-0.7631912,-0.5992392,0.03543196,1.4496201,-1.1783788,-0.18796106,0.18792449
105,-0.6888373,0.10325984,0.08578975,0.042704165,-0.38271752,0.013811749,0.013153103
106,1.1407487,0.27460307,-0.788597,-2.5153255,-0.9576547,0.5073237,-0.403967
107,-0.44942588,-0.6044999,-0.51639336,0.1050973,-1.539353,-1.5155022,-0.029280277
108,0.2083224,0.0014722259,0.5955631,-1.242681,0.7001111,0.9734934,0.5379779
109,0.5306071,-0.40329137,0.3017924,0.39598283,-0.5629585,1.6778601,0.76047266
110,-1.3323126,-1.396609,-1.0232474,-1.6581249,0.5424747,-0.72327137,0.36728194
111,1.8714229,0.26441708,-0.104760475,-0.13823996,0.49386016,-0.67283475,-0.1765919
112,0.39338174,0.51957023,0.089006834,-0.6420692,1.8575883,-1.6371537,-0.012128291
113,0.630448,-0.013590635,0.38022816,1.1311941,0.7455951,-0.27155128,0.55426186
114,0.5412638,0.13269004,-0.052232668,0.29657355,0.19332285,0.7300623,-0.9286742
115,0.7518395,0.27888528,-0.32821417,-0.94970435,-1.1104225,0.9754775,-0.50006896
116,-0.034564577,0.11795594,-0.11879218,1.7111602,-0.9255436,-1.0927584,-0.71253055
117,-1.9573843,0.4030341,-0.6415304,-0.12412523,1.1627334,-0.5868407,-0.2224649
118,-2.8772676,-0.3749169,-0.0074441256,-1.3491018,-0.73047614,-0.8556971,-0.7017173
119,-0.3769083,-0.33898896,-0.50794834,-2.5582874,-1.0842458,-1.7901043,-0.09255478
120,0.94200236,0.4596073,-0.28748265,-0.41416067,0.85727996,0.13358757,0.05057465
121,0.78055394,0.29693463,0.86308855,1.019818,1.0133637,1.0983489,0.22170116
122,-1.637313,-1.2576923,0.32939026,0.8805141,-0.8508381,-0.58050466,0.19839393
123,-0.4028183,0.3602755,-0.32312977,0.36883447,1.1627232,1.5741202,0.46738535
124,0.8362301,0.043015625,-0.20807144,1.3915652,-1.8136822,0.57143724,-0.78069913
125,3.1227725,0.3948279,0.5535348,0.8385736,-0.029157264,-0.030671492,0.8290724
126,-2.0891745,-0.05556488,-0.17205778,1.0492511,0.13322665,-0.084432855,0.09609334
127,1.4656875,0.734413,0.6551057,1.7769331,1.0436076,-0.2401716,0.83492863
128,-1.2678612,0.49304625,0.26389802,-0.08381189,0.105955556,-1.6088979,-0.21326475
129,1.4361491,-0.46382096,0.5333034,0.76628715,0.17546879,0.96142256,-0.23542224
130,-3.7209578,-0.01587329,0.1745826,0.8177932,0.10197975,0.005478473,0.5633802
131,1.3377411,0.09230824,0.51094955,0.05571382,0.9506708,0.94321966,0.16042656
132,-1.1626118,-0.24071005,-0.08097231,-1.4121977,-0.36585346,0.22273016,-1.1691093
133,-1.2080379,-0.1222323,0.86756104,-1.2437097,1.038822,1.4153913,0.5397591
134,-0.28305542,0.3111007,0.13476457,0.9048335,-0.5391933,-1.6823614,0.37390015
135,-0.4637696,1.0774305,-0.59801126,1.8950659,-0.7428418,-0.26300794,-0.85288066
136,-1.0849451,0.3584412,0.09808453,1.1416107,-0.23232791,0.032298055,-0.20096748
137,-0.89753383,0.26109597,-0.96410793,-1.0613546,-1.1162574,0.12232578,-0.5552856
138,0.59431994,-0.03780471,0.10812192,-0.56380635,-0.14324985,1.7413324,0.43522587
139,0.19396701,0.15604278,-0.071244314,0.7894125,-0.022369986,-0.631834,0.31152782
140,-0.31907055,-0.051998433,0.08990782,-0.16623922,0.24977957,-0.76653,-0.08506411
141,-0.74688727,0.43995187,-0.46394238,-0.950478,-0.4466918,-1.3373253,-0.06520835
142,-0.291797,0.25712517,-0.25861418,1.7883153,0.15806115,0.80448526,-0.9854288
143,1.4298338,0.064675264,-0.07689547,1.2273005,0.11867956,-0.57188994,-0.077259734
144,0.8786807,-0.417801,-0.11152099,1.4816512,0.34329978,0.53264964,0.27461338
145,-0.36359584,0.38504812,-0.68792754,-0.60747963,0.0977623,-0.42472988,0.5850129
146,0.6960524,0.19092976,-0.3520932,-0.5160252,1.282406,-0.90778977,0.12606645
147,-1.6259438,-0.09282452,0.57535577,1.8967643,0.9455589,0.11514489,-0.29516378
148,3.1010349,0.12323796,0.1704509,0.32907116,1.5610279,0.689097,0.012359503
149,-1.3367932,-0.69324535,0.07579535,0.4073565,-0.8095875,0.6692366,-0.048335545
150,1.3510051,-0.4361984,0.28197894,-0.9997133,-1.2552994,0.771634,0.47493234
151,0.3584768,-0.551488,0.39566985,-0.7826452,-0.2972931,0.12185408,0.40141517
152,0.01000112,0.09141938,-0.34078178,-1.3297943,-0.8442237,-0.1708206,-0.2649348
153,-1.5724201,0.38678,0.5617375,0.47429484,1.4013026,1.6128521,0.517738
154,0.55453086,-0.11238628,0.3400039,1.3960669,-0.07794965,0.8595029,0.1458811
155,-0.7324631,-0.25827897,-0.66025084,0.988847,-0.23782063,-0.32194948,-0.14324662
156,-1.7909353,-0.37797183,-0.8172977,-0.6841104,-2.16313,-0.62898904,0.089359574
157,0.3368269,0.8144738,0.5800028,2.2592173,-0.6557343,1.7241086,1.5822728
158,-1.1781254,-0.78370225,-0.85624737,-0.7009453,-1.5480652,-1.4108789,-0.9912462
159,0.052933745,0.09391619,-0.5636928,1.2920889,-0.4834412,1.3754826,-0.056322053
160,-1.1384312,-0.25645733,0.2578367,0.1726258,-0.16435763,-1.0938144,-0.18554246
161,-0.8275004,0.29961327,0.42550004,-1.3916254,0.071257,1.219665,-0.23222642
162,0.012182454,-0.10654924,0.6111618,1.4975865,1.2075571,0.9883574,0.6680378
163,0.14419007,-0.07827251,-0.18630931,0.55750513,0.40878364,-0.2773699,0.018941103
164,0.8023897,0.089662634,0.17822705,1.4394679,0.49164397,-0.94114876,0.6928423
165,-0.5138537,0.780009,-0.20787108,2.3586764,-1.6701753,-0.4840872,-0.782436
166,0.33003172,-0.54153347,0.32125047,-1.1839398,-0.33605513,0.6521836,-0.52230054
167,-0.8562295,-0.25026044,-0.4826111,-0.36040506,0.7592542,0.21483563,-0.2234603
168,0.9445011,0.8640519,-0.27974617,-1.6203903,-0.57915384,-0.47453353,0.5223956
169,-0.5494327,0.26498905,-0.24840897,-1.1777749,0.4654561,0.42480028,-0.10101362
170,-1.6812177,-0.3867162,0.965488,-1.141656,1.072178,-0.12890422,0.8573204
171,0.12439714,-0.35797933,-0.15854327,1.4633332,-0.26015946,-0.02799125,-0.18720281
172,0.08812403,0.4963066,-1.0422868,-0.99404365,1.6727905,-1.3393317,-0.0013965344
173,-0.13355878,-0.3398964,-0.45726937,-1.133228,0.72672886,-1.369745,-0.9756375
174,-0.37765363,-0.29879218,0.32937652,1.664979,-0.2535148,-0.41347754,0.23641399
175,-0.41223687,-0.84480184,-0.06732543,-1.2496161,-0.37879553,-0.86314243,-0.28790423
176,-1.1291772,-0.503015,-0.60351294,-0.6519039,-1.3908062,-1.0737423,-0.34131163
177,1.5972604,0.4810715,0.6402797,1.6226611,-0.44810155,1.2718449,0.4348068
178,0.95049894,0.16935284,0.22060701,0.55087596,0.014066389,-0.4814688,0.27470434
179,0.18765922,-0.30167767,0.58442765,1.6426729,-0.57019985,0.24653652,0.22279459
180,1.471793,0.35495982,0.5120592,-0.71929187,-0.6001579,-0.13993894,0.34183043
181,-1.4982592,0.35154685,0.60983354,-0.20872118,0.32133332,-0.16664599,0.45913756
182,0.4712945,-0.61239463,-0.28115255,-0.6368751,-0.77619016,-0.9034517,-0.06638538
183,0.68429524,-0.15597294,0.035511788,-0.46566147,-0.45713505,0.4379484,-0.22506157
184,1.2180012,0.038805395,0.3012871,0.21443902,-0.33360496,0.98982954,-0.820427
185,0.64491534,0.30311483,-0.45935264,-0.81918687,0.49464697,0.6182604,0.2652072
186,2.1587772,0.097363204,-0.4429212,3.0047526,-0.7599152,-0.7594135,-0.47366557
187,-0.6402912,-1.2231708,0.034751613,1.6484561,-1.0486591,0.0075438023,-0.40675312
188,1.1238812,-0.426052,0.11709526,0.72539496,0.9578876,-0.13161327,0.3153328
189,-1.4065865,-0.88252527,-0.50390947,-0.38930508,-1.0146095,-0.104631774,-0.32550314
190,-0.80771804,-0.34419587,0.3913121,1.7521789,0.03635842,-1.7102876,0.9624676
191,2.2398336,0.5865272,0.15810403,1.7132678,-0.24449433,-0.7259747,0.04017785
192,0.0566789,0.95829666,0.5105634,-0.36329177,-0.6203631,0.24723607,0.32638657
193,1.1502208,0.8197495,0.6997895,1.1649636,0.82708466,-0.08373186,0.59577674
194,-1.4103472,-0.37577856,0.18101747,0.62934995,-0.07760575,-0.3229193,0.11023222
195,-0.068162665,-0.5770402,-0.14995304,-0.0050293356,-0.11336554,0.5008676,0.69806385
196,0.023064137,-0.5911578,-0.28537548,-1.0061818,-0.08101081,0.6597842,0.30254394
197,-0.27162093,-0.4506867,0.20085603,1.3572475,-0.4676421,0.05888178,-0.4555734
198,-0.30429837,-0.2199332,-0.28975952,-0.9556012,-1.1239077,-0.3153063,-0.52938056
199,1.1964306,0.170281,0.32840824,0.3309166,1.6009096,2.2469184,0.27360713
200,0.17711021,0.47707447,-0.88098735,-1.2763282,0.7030515,-2.7635167,0.26792917
201,-0.5886036,-0.6092329,0.32450706,1.0925612,-0.027176628,-0.01826786,-0.07538998
202,-0.87171614,-0.6452057,-0.60753083,-0.6264679,-1.25392,-0.779834,-0.31125906
203,1.2532285,0.024493977,-0.12993579,1.1182071,-0.22730911,-0.58161074,-0.12652083
204,2.0729446,0.23414579,-0.673098,0.2910723,-0.5686904,0.2919903,-0.10622279
205,1.2610757,-0.18115558,0.23208177,1.1025276,0.3483209,1.7271128,-0.44993323
206,-0.06705661,0.019440478,0.054936264,-0.52039903,-0.4135048,0.034192428,-0.19142094
207,-0.57278144,-0.19653654,0.11014054,-0.6457761,-0.4860208,1.060403,-0.60981077
208,0.5864297,0.21422766,0.45428672,1.2554803,0.6648516,1.9704295,0.015308328
209,0.7750285,-0.88194025,0.08212038,0.7638276,-0.0016744225,-0.3286276,0.62481403
210,-0.33281514,-0.80362,0.3160242,1.1665322,0.37407777,-1.066106,-0.11210576
211,1.269793,1.1763304,0.7172704,0.8538059,0.12277619,0.1385804,0.44639525
212,0.3316247,-0.19090974,-0.46639946,-0.6464557,-0.4261833,-0.058608312,-0.64746886
213,-0.31815892,0.20793907,0.06841969,-0.5771878,0.18794756,0.40479556,0.21096951
214,-1.3959422,-0.6995301,-0.094948016,1.7712181,-0.19895498,0.39983132,0.511501
215,-0.85633415,0.67081994,-0.19043887,-0.6219878,0.54616845,-0.03429021,-0.40778992
216,-0.9742094,-0.09186316,-0.51185364,-1.3451414,-0.5512121,0.56705815,-0.1691555
217,1.6280813,0.15041235,-0.9811502,-0.5723254,-1.3287412,-0.3831748,-0.72196954
218,0.97234887,-0.44268864,0.05793146,2.0471444,0.20433262,-0.21575476,0.95049155
219,-0.08954501,0.08100222,0.609084,1.3179753,0.34157622,1.2899107,-0.7354572
220,1.7468569,0.49816516,0.35560763,1.5979369,0.1310526,-0.041701257,-0.86146295
221,0.011762475,0.8358773,-0.63372546,-2.2239733,-0.058958493,-0.97645855,-1.2382585
222,-1.662424,-0.8749613,-0.23260653,-1.2420647,0.8723624,-0.01791998,-0.23952255
223,-1.3392813,-0.6559398,-0.04090089,-0.8689876,0.72534627,-0.013004809,0.59789544
224,-0.61671805,0.099202946,0.052202966,1.0712535,0.71570325,1.6309118,-0.8604796
225,-1.3110617,0.02706923,-0.7205094,-1.9389255,-0.7761151,-0.6069153,-0.3569616
226,1.1632773,0.61935496,0.06048872,1.5943592,1.2495707,2.7846947,-0.50653386
227,0.25048286,-0.28379264,-0.44954854,-0.54842114,1.5985407,0.20639724,-0.22650084
228,2.3149247,-0.26735467,-0.27724,-1.5163,1.4012287,0.978701,-0.36341035
229,-0.67977124,0.6387866,0.039816808,-1.078203,1.0415276,0.48069555,-0.14636195
230,-0.9595119,-0.096003786,0.05717761,-0.8365821,-0.4184998,0.7922529,0.07904561
231,1.1419263,-1.0882783,0.077080354,0.6356013,0.39764503,0.9389723,-0.52638084
232,1.2955567,0.67659914,0.18313475,2.0027716,-0.17957029,2.3201272,0.7083056
233,0.018499097,0.45491344,0.067165725,-1.7325054,-0.07568037,1.6860539,1.1210681
234,0.14570992,0.38487482,0.1946368,0.18139221,1.1680031,-0.08650787,0.29920307
235,0.7550208,0.18165028,1.083773,1.3253632,0.71519154,0.56476176,0.8398191
236,-0.87260777,0.7263518,0.44411254,2.0137618,0.88353914,1.3910153,1.0964966
237,1.9252024,0.5814324,-0.17926554,1.2680312,-1.1895958,0.47168815,-0.12389374
238,2.350661,-0.30962545,0.088321455,-0.16439939,-0.004187781,0.27175367,-1.0568246
239,-0.59971803,0.48764166,0.07363504,-0.40645382,1.4080995,-0.34667346,0.081346855
240,1.264141,-0.10781379,-0.18616343,0.99859345,1.0224007,-2.0409281,-0.13907805
241,-1.0430986,-0.06706861,-1.2146323,-0.997258,0.68650347,-0.6475518,-1.1310303
242,0.16238219,0.53201646,0.87079704,1.946873,1.5394905,-0.054146666,1.4546233
243,0.85831743,-0.8296704,0.59807587,0.34142345,0.62433267,-0.5054159,-0.14057456
244,0.91335136,0.50152075,0.10085696,-0.62994003,-0.7591865,-0.9630141,0.17634785
245,1.728847,-0.48076543,-0.006031865,0.780722,0.08224878,-0.16599028,-0.6344337
246,-1.7261002,-0.67258716,0.047493864,-0.41862598,0.38156962,0.61159277,-0.16095583
247,2.2695963,0.13984643,0.39584896,0.88447815,-0.5769896,-0.3880914,-0.4985499
248,1.1398082,-0.029798377,0.27021834,0.7137541,0.24999899,0.6358644,-0.17485479
249,-0.088848874,0.6809319,-0.020075535,0.2547505,-0.47390825,-0.8981695,0.6759917
250,-1.6646343,-0.5202087,-0.068988785,0.41095856,0.54434115,-1.0932938,-0.4985136
251,1.0695113,0.30354142,0.5339683,1.1628988,-0.697496,0.44095623,0.23311132
252,0.51047194,-0.16180891,-0.17786823,-0.3169981,0.82713675,2.2749143,-0.30889848
253,-0.43777904,0.25204545,0.2960609,1.0389814,0.26299414,-0.27634805,1.823795
254,-0.32079372,-0.72890294,-0.22792935,-1.3316451,0.58300954,-0.864894,0.116670534
255,-0.087797694,0.03488184,0.14709622,0.011814015,1.6584309,-0.53250706,0.9865547
256,-1.6878967,-0.23100653,0.3810898,0.81153625,1.7209849,0.8686341,0.21681118
257,-2.3975701,-0.8825019,-0.54158527,-1.4393269,-0.93360466,-0.8548777,-0.24635135
258,0.2926478,-0.5375536,-0.4676763,-1.5420301,-0.034354806,-0.16416708,-0.31119794
259,-0.44842458,-0.1586195,-0.78023916,0.4198521,-0.8877091,0.22322653,-0.17278734
260,-0.052369896,0.32267416,-0.468095,-0.09981408,0.6623775,0.3700511,0.35043627
261,1.723259,-0.44344318,0.9710172,0.85984784,0.58248276,0.78190714,0.7374204
262,0.51805234,0.25547346,0.18100734,1.4528875,0.25333384,0.22236773,0.8581475
263,-1.1896193,0.54668593,-0.43234307,-0.044784673,-1.5186425,-0.30486563,-0.29302728
264,-0.50760597,0.19882606,-0.07465907,-1.4973632,0.35770822,-1.0054245,-0.43015224
265,0.005288879,0.29473805,-0.15346393,0.9583719,-0.020889366,-0.21672365,0.35652408
266,1.0365504,0.42752317,0.53729796,-1.3146979,1.2509425,2.058451,0.25989974
267,2.1552246,-0.8342048,0.34206975,1.567252,-0.08928288,0.61455166,0.32241324
268,0.60545886,0.36615893,-0.32160857,0.6683279,-0.39096534,-0.07340659,0.1296501
269,1.767648,1.3832244,0.38104308,0.12223672,0.9261325,-0.44800577,0.8973604
270,-3.28361,0.47395533,-0.6107916,-0.8964148,-0.048018955,-0.8593597,-0.3891349
271,0.48684597,0.2808421,0.13011798,0.5404046,1.0467782,-2.0056899,0.35080412
272,-0.72379583,0.34804985,0.522778,2.174816,1.2230897,0.36423126,0.41316426
273,0.5149761,0.23359153,-0.6572338,-0.40754408,-0.06930594,-1.6072178,-0.70561266
274,1.6564285,-0.15469639,0.58146644,1.766596,-0.1731752,-0.3751873,-0.4072516
275,-0.2412934,0.42412174,0.3931145,-1.1585908,0.82520473,0.50899136,1.1201427
276,-1.2571504,-0.48977718,0.2559123,0.37044907,0.89995545,1.3001306,-0.13271292
277,0.036544945,-0.27754575,0.16957146,1.1446176,-0.27198705,2.1047046,0.8295696
278,0.4554312,-0.2647531,0.17750387,1.2590163,0.4202245,0.0020406223,0.19249278
279,-0.511323,-0.852232,0.32334194,-1.1835933,0.33059758,0.606839,0.53807294
280,0.64320016,0.38852945,-0.56838185,-2.5290275,-0.090382636,-0.09808895,0.6617088
281,0.36557057,1.241325,0.5053602,0.71860325,0.25171992,-0.36493605,-0.22796538
282,-1.1611396,-0.7253699,0.31758058,0.6565012,-0.0007104694,0.44180718,-1.091057
283,-1.6135719,-0.106212966,-0.29541433,-1.3260119,-0.45402712,-0.7396564,-0.56032854
284,2.829979,1.2034882,-0.2517292,-0.47173765,-0.1918921,-0.14349042,-0.48097894
285,-0.16962537,-0.5952056,0.03939587,-0.12670112,-0.6491862,-0.61678255,-0.2516534
286,1.9786015,-0.24780811,0.7038124,2.696571,2.5372431,1.2570262,0.4671702
287,1.1374136,0.1540058,1.317265,1.0870858,1.4213097,-1.061992,0.5339954
288,1.5396762,0.012469452,-0.6878828,-0.3371624,0.15454315,0.5866404,-0.37691495
289,-2.0599504,-0.26733005,-0.6007738,-1.1207947,-1.2866645,0.22415523,-1.2351785
290,-0.4229429,-0.8710608,-0.747974,-1.7051668,-1.1701995,0.34482864,-1.0080692
291,0.88335526,0.31958207,-0.40988848,-0.03323518,0.49688435,1.2430636,-0.31588954
292,-0.8905602,-0.26792696,0.8467613,-0.095682845,0.32982722,0.6611899,1.5525552
293,-1.6553626,-1.2063366,0.31517163,0.81853634,0.8043719,0.42458498,0.42782387
294,0.263959,0.6236226,-0.36513132,2.4852264,-0.21188991,-0.7648402,0.43358746
295,-0.21346347,0.5560877,0.17558283,0.71235126,-0.7908541,0.57517046,0.1828437
296,-0.40231696,-0.06380033,0.65372205,0.78583753,1.1592573,0.9969599,1.0067991
297,-0.01933543,-0.35224357,-0.36341694,0.56393707,0.60506326,0.8851469,-0.066647924
298,-0.7922846,0.54550034,1.1156983,0.22829317,-2.276676,0.3518667,0.10875628
299,-1.6585584,0.029316822,0.44247305,1.3095948,0.01423341,0.049693733,-0.67425084
300,0.30708972,0.14087883,0.5278318,0.37864664,0.23369868,-1.0545951,0.28576323
301,1.1331623,0.139021,0.06810931,-0.83827627,0.101826735,-0.0199568,-0.62657964
302,1.1734372,-0.21857639,0.11124157,0.4372792,0.39751828,-1.144599,-0.023293806
303,-1.0932376,-0.23006685,0.8987756,-0.30447543,-0.18496706,0.22386551,0.5030698
304,1.5321984,0.6861941,-1.1713133,-1.2872951,-1.3420397,-0.5033758,-0.6870413
305,-1.2487103,-1.7684461,-0.8050454,-1.0648763,-0.42362413,-1.4897497,-0.5331481
306,0.1906198,0.42117825,-0.9152719,-1.9875947,-0.5244579,-1.1603975,-0.23463169
307,1.3562157,0.3932618,0.86153173,-0.34750786,1.9299935,0.83125514,1.0498067
308,-0.57399136,0.96363837,-0.3645546,-1.4430088,1.101394,0.23143181,0.54192156
309,-0.2090398,0.030229762,-0.053465188,-1.8131338,-0.5165149,0.37320575,-0.8174299
310,-0.5051547,0.23669957,0.1073901,0.11888858,-0.035727933,0.6339027,0.03400509
311,-4.4476013,-0.2724549,-1.5838848,-3.0013936,-2.0734518,-0.89090115,-1.318517
312,-0.15581007,0.9213872,0.7984808,0.54888076,1.031637,-1.8602684,0.032093048
313,2.1083226,0.7040395,0.028089546,0.68776244,0.14460823,-0.59204805,-0.43797028
314,0.7094495,-0.7260148,-0.59203225,-0.57196736,0.10477811,-0.50492346,-0.24882719
315,-1.2353966,0.2995513,0.18634239,-0.3599886,0.062087417,-1.2805705,0.8705957
316,0.33327502,-0.91994274,0.80227256,0.42878732,0.87402546,0.6630589,0.25146917
317,-1.0982993,0.20442946,-0.51967734,-1.151917,-0.89894503,0.34420502,-0.2487087
318,2.2082593,0.022113148,1.7528248,2.127402,2.6276026,1.4667662,0.9119222
319,-0.7012514,0.15634225,-0.8724435,0.4899862,-0.55299866,1.4231747,-0.38041937
320,0.41022405,0.5654287,-0.47640556,1.7297661,-0.44266894,-1.1414994,-0.07661857
321,1.7163447,0.107119516,0.050179068,2.1176205,0.33954936,0.5191282,0.08859183
322,0.2916311,0.14203058,-0.526353,-0.2437148,0.30089936,-0.8529006,-0.9396078
323,1.76874,0.45563462,-1.0106227,-1.9448388,-2.0861518,0.539549,-0.504564
324,-1.2877673,-0.92421174,-0.8246047,-1.0043265,-0.29550487,-1.0134414,-0.5422644
325,0.96756274,0.13209257,0.16137993,0.8337451,0.42386296,-0.10595934,0.31638792
326,0.40291137,1.4496417,0.2176896,-1.1406054,-0.16443224,-1.0627689,-0.4670037
327,0.2511914,-0.49299878,0.5159119,1.4560703,0.012442354,-0.92484707,0.3247126
328,-0.11197234,-0.5141428,1.0771866,0.4333871,0.48256004,1.1019477,1.2157203
329,0.51748085,-0.35761756,-0.020807305,-0.4635337,-0.9262385,-0.42158347,0.43018845
330,1.6255132,1.3348533,-0.062524,-1.8724126,1.0087196,0.4936118,-0.095849454
331,-0.36392814,-0.6059384,0.5061148,-1.3825432,-0.9533911,0.9101817,0.017852535
332,0.27570868,-0.68725723,-0.43650642,-0.08656744,-0.64558667,1.1898785,-0.17524499
333,0.7594443,-0.8040809,-0.74575657,0.42213756,-1.2209042,-1.4460319,-0.8643979
334,-0.74407554,-1.1586173,-1.3274597,-1.5075775,-2.3231473,-1.611621,-0.5793464
335,0.2414451,0.299085,0.089595184,0.8626396,0.8457441,0.23583904,0.96348864
336,0.21900088,-0.16855577,-0.55907595,1.9529012,-0.2394544,-0.31841126,0.5754492
337,2.4513211,0.019656647,-0.52067214,-1.9253025,-1.9105649,0.034153067,-1.0356913
338,1.7706118,0.8100081,0.4862492,-1.0060675,1.0481788,0.6002832,0.3025906
339,-0.116819724,0.17759548,-0.6336415,0.32834658,-0.26576185,-0.05661984,-1.1386127
340,-1.1550846,-0.34105673,-0.11521423,-0.53947955,-0.9755936,-1.0171704,0.4151568
341,1.3772945,-0.078097746,-0.5944228,-0.84650457,-0.8492282,-0.21306537,-0.23434639
342,-1.9982959,-0.87209076,-0.7033962,0.27020487,-1.086807,0.7354785,-0.86998487
343,-0.3096532,-0.25614792,-0.42097834,0.76516443,-1.6603017,-0.4151067,-1.0946383
344,-0.3500244,-0.112852745,1.1312066,-0.29906985,0.23898967,1.5512198,1.259819
345,-1.336981,0.04917718,-0.0735481,0.92165107,0.2563662,-1.2998177,-0.22002205
346,-0.3070424,1.1186028,-0.5884923,-2.1356547,-0.37595347,0.02814217,-0.39995745
347,-0.6127867,-0.08179839,-0.41675538,-2.1649547,0.8095038,-1.5993465,0.13370337
348,0.2867489,-0.10659828,-0.2877209,0.6924557,0.67816967,-0.38196808,-0.31488574
349,0.104267016,0.9984678,0.1731779,0.28142923,-0.78502375,-1.7091215,-0.47950637
350,0.19459079,0.23066282,0.7037207,-0.38804337,0.17753506,0.866352,0.6934818
351,0.9608323,0.47255784,0.585551,0.64923745,1.209674,-0.42051175,0.06098699
352,-0.4096719,-0.2604225,0.32487744,1.7480121,0.6776805,0.15064082,-0.290852
353,0.64636034,-0.29316628,0.3853805,-0.9123032,-0.041275665,-0.26548272,-0.23180254
354,-1.2242415,-0.7407323,0.48529482,-0.053591803,-0.5825976,-0.08165185,0.27392852
355,-1.1809454,-0.8049343,-0.6447432,0.610139,-0.19336912,0.20869862,0.12458816
356,0.3727893,0.25085005,-0.3535855,-0.61074466,-0.32649404,0.11275038,-0.013083336
357,0.25810966,0.35427177,0.5136534,1.9193456,-0.7528599,-0.35970148,-0.46676973
358,-0.8978881,-0.3257324,0.64867795,3.7720027,0.8834104,0.3524641,0.6905264
359,-1.3461164,-0.06449599,0.005863251,1.4272172,-0.10616657,0.51259476,-0.7565916
360,-1.9930558,-0.9807943,0.46322927,1.0191652,0.49294356,0.72560585,0.36586264
361,-0.8407005,0.5547531,-0.14247034,-0.20126478,-1.0178243,-0.41438287,0.72108567
362,-0.58870494,0.450554,-0.19433911,-0.84792334,-2.128533,0.74520564,-0.4769601
363,-0.38089,0.4311738,0.15600818,0.2588588,1.3544551,-0.4927221,-0.09619866
364,-2.289328,0.13592528,-0.42311868,1.5806671,0.5476294,-0.030881949,-0.064500764
365,0.6172653,-0.6706305,-0.43009374,-0.23214573,-0.21173061,-1.3282279,-1.2010212
366,-1.2065144,0.08835652,-0.053244323,-3.203027,-1.4123795,0.8556259,0.122934036
367,-1.0259354,0.6715319,-0.048326798,-1.3080969,0.8477854,-0.21707088,-0.36879164
368,1.010437,0.20735303,0.12272717,-0.005209443,0.4776269,-0.1795641,0.40291962
369,-1.2153618,0.030220762,1.0786488,0.74323505,0.23643191,1.5075418,1.136812
370,-0.023104772,0.9431309,-0.25374427,-0.88023925,-0.43530878,-0.68312347,-0.37555495
371,0.8363135,-1.5937281,-0.4498028,-1.095941,0.1016023,0.34771842,0.060771827
372,-0.53412825,-0.6700147,0.2949522,-0.4304311,-0.5076252,0.81918967,-0.4394571
373,-0.5120131,0.7576756,1.0545859,-0.7746909,-0.07119932,-0.24179292,0.19394301
374,0.22919112,0.35259223,-0.36067426,1.2648765,0.074080564,1.2036563,-0.09692101
375,0.82819915,0.19703901,-0.1242108,1.6087824,1.3541211,1.4454988,-0.4363523
376,0.7950194,-0.7921484,-0.09805517,-0.3098827,-1.7506224,0.21127024,-0.21481097
377,-0.5747558,0.5385566,-0.63456714,-0.3884454,-0.122239,-0.12779075,0.6556622
378,-1.1976479,0.5251624,-0.10147954,-0.31292853,-1.0898703,-0.008676736,-0.07632049
379,0.90958935,0.111575544,-0.7796266,0.09289793,0.26077244,-1.6860582,0.77236426
380,-0.02703384,-0.26342776,0.19580384,0.51786894,-0.5341906,1.187556,0.27627888
381,1.5293458,-0.017390624,-0.21975711,1.1444577,-0.398906,-0.1541122,0.4136263
382,0.0310043,0.2202224,0.2499124,-1.2311925,-0.6504671,2.1978564,-0.5045653
383,1.0124091,0.123022676,-0.035615526,-0.19700228,0.6396848,-1.1687068,-0.043061014
384,-0.34361044,0.14238302,0.49724054,0.96584743,0.7138992,-1.4068403,0.40444106
385,0.449937,-0.5078182,-0.25066152,-0.5459226,1.0166005,0.9684681,-0.094557635
386,-2.8675027,-0.4788135,-0.020749226,-0.41732502,-0.052112214,-0.44429603,-0.3636986
387,1.5663588,-0.89875156,-0.17778389,0.7737118,0.020075709,-0.7132915,-0.39812592
388,1.0752652,0.3806875,0.19373411,3.0501354,-0.110321656,2.348733,0.2231694
389,-0.42937702,-0.39237097,0.6909508,0.17306376,0.59662473,1.8811237,0.7888895
390,0.45503306,0.40582964,0.11771057,1.6351267,0.10724134,0.198214,-0.51455855
391,-0.003190005,0.33742318,0.17719759,-0.14306277,0.3183354,2.742096,-0.6496357
392,-0.39087647,-0.8534274,-0.4112747,-0.56115675,-0.82843965,-0.45688948,-0.112792864
393,-1.1349231,-0.105413914,-0.42198598,-2.5130684,-0.33662352,-0.95906115,-0.69746226
394,0.12626301,-1.3014313,0.7052618,0.5905927,-0.45152014,1.3681529,0.2825921
395,-1.2625079,0.23080894,0.25741392,1.0923657,-0.698658,0.663168,0.13603659
396,1.8560646,0.803469,0.45487416,-0.6088412,0.3976628,-0.1583691,-0.20407803
397,-1.7892123,-0.024519682,-1.162789,0.21967442,-0.45692104,-0.2182522,-0.8033999
398,1.0550699,0.17357829,0.55900526,1.0452895,-0.87028956,0.71453905,0.5723243
399,0.4908518,-0.634728,-0.6255881,-0.14071405,0.76617837,-1.1088067,-0.37516537
