,person,pathway,animal,car,phone,sport,intelligent
0,0.08753367,0.059170056,0.8568338,-0.53984356,-0.0051204357,-0.12503588,1.3047736
1,-0.9308653,-0.33729365,0.076681115,0.069675736,-0.5901524,0.35771775,0.13564064
2,1.2793943,-0.26581585,-0.12676767,-0.12532924,-0.5094645,1.2400512,-1.0180768
3,-1.8353297,-0.31415927,-1.341898,-0.36577892,0.31692654,1.2987946,-0.9226864
4,0.45700806,-1.1094791,0.2845136,-0.012479267,0.16175616,0.24052478,1.5194775
5,-1.9196283,-0.18342073,0.8597324,0.89389116,0.38309404,-0.5336546,1.416688
6,-1.2714847,0.40317535,-1.1621351,1.736449,-0.15217146,-0.21636066,-1.5890579
7,0.42195824,-0.27246445,-1.0398153,0.24846347,0.36096984,-0.96555185,-0.337304
8,-0.031491794,0.55665255,-0.9244683,1.4836273,0.78541124,1.6052071,0.48780048
9,0.717878,0.06032267,0.4153137,0.46480983,0.31389746,-0.6576664,-1.2303748
10,-1.6040909,0.06428922,-0.10961533,-0.64176404,0.1352103,1.2030464,-0.5329158
11,0.15144275,0.2238953,-1.8825594,0.296623,0.07120988,0.84578425,0.3888083
12,-0.8292471,0.23404042,1.0578947,1.117672,1.1757029,0.38777426,0.5141615
13,-2.111199,0.28937098,-2.0960624,-2.4332676,0.04529974,-3.159773,-1.6680666
14,0.80940115,-0.08546169,-0.4411067,-0.8276979,-0.25902337,-0.9901591,1.6911556
15,0.21036117,0.12763542,2.094081,0.28831303,0.17218654,0.78815,0.28192365
16,0.1565167,0.25930828,0.39264256,0.3629919,1.2540121,1.1036022,-0.57149893
17,-0.7353315,0.03484117,0.021928694,0.107280746,0.5786573,-2.3440242,1.0586286
18,0.51644,0.08386005,-0.17763984,0.3731676,0.37016872,-0.6669542,0.262227
19,0.010060406,0.19407713,0.6488645,-0.2832925,-0.6802688,0.954584,0.08593739
20,-3.4753218,-0.27764097,-1.1849723,0.45922223,0.117019445,-1.2558435,-0.17656724
21,0.31293026,0.115308605,0.3301772,0.7044676,0.46249205,1.2789032,-0.09748783
22,-0.78046817,-0.4245329,0.00572603,-0.24623589,0.81680423,1.1213694,2.0594234
23,-1.536925,0.023567667,-1.6062782,0.8563131,0.39666373,-0.72660744,-1.3130447
24,-0.008711275,-0.2614338,-1.1611896,-0.01387568,-0.016983986,1.7518808,-0.18230683
25,1.7390434,0.502895,0.71275663,1.1531676,1.2675035,-0.69936174,1.0568438
26,0.40040955,0.4389018,-0.83529824,-0.66611755,1.4595903,-0.245901,0.10233646
27,0.23920672,-0.33708757,0.19779998,-0.8840811,-1.0571784,-1.2874873,0.24304503
28,3.307209,0.24122387,0.3914804,2.0802937,1.7339084,1.4003183,0.12818551
29,1.8236117,-0.52409184,-1.7880137,1.2215712,0.17636396,-0.73574895,-0.92905194
30,0.7698941,0.54468626,1.834505,-0.03256428,0.008624338,0.32406434,0.59061396
31,2.6740932,0.56794196,2.1858037,1.393664,0.73327065,1.2676811,-0.08763489
32,-0.43508393,-0.6056941,-0.16199459,2.6814198,-0.21096651,1.8711436,-0.9763586
33,-0.91698337,-0.21624611,1.1969186,0.8051783,0.115160964,0.50584364,1.0713809
34,1.1205912,-0.097977325,-0.3386528,-2.8987198,-0.49302498,-0.52158463,0.7459618
35,1.8064113,0.3134567,-0.50596625,0.5711894,1.4290879,-0.74669814,-0.9554728
36,-2.3367136,-0.17222732,-1.8184791,0.11212167,0.5475151,1.0483613,-0.620044
37,1.1360911,0.4694117,0.2676973,-1.229942,0.4841544,-0.58562034,-0.65095717
38,-0.1024152,0.46034372,-0.403367,0.006766729,0.7214803,-0.15196869,0.06140163
39,-0.4318805,-0.13232549,-0.429802,-0.19627115,-0.2909014,-0.33187968,-0.43323028
40,0.27122855,0.20139176,0.046228748,-3.1754212,-1.5041862,-1.3493218,-0.1839753
41,0.3262099,0.3735967,-0.32615072,0.82130075,0.04585865,0.25567314,0.098982096
42,-0.53518295,-0.3821587,1.247112,0.9518155,0.8828575,1.191265,-0.055615064
43,3.1200466,0.47463325,2.1130297,0.123307,0.13455239,0.5608381,0.91739404
44,1.3724908,0.2591537,0.34937525,0.6348049,0.37586388,1.8843615,-0.26436055
45,-0.36432067,-0.02069769,-0.40469778,-0.8900614,-0.86945707,-0.8736839,-1.1925743
46,-0.10263399,0.19673808,0.6377143,-2.113156,-0.5082582,0.18910344,0.4378765
47,-1.1846691,0.0032463556,-1.7722778,-0.4002652,-0.104997195,-0.29528356,-0.8736623
48,1.4510618,0.5888476,0.2744269,-0.18868142,1.0803019,1.1038889,0.66284025
49,-1.0023689,-0.6743775,-1.1286902,0.57283086,-0.5004784,-9.2071925e-05,-0.6686002
50,-0.8436129,-0.1469258,-0.0040693367,-0.46399736,-0.16824107,-0.4610048,0.026998585
51,0.6982465,0.49563208,0.75692946,-1.7325212,-0.23478349,0.7681613,0.6310624
52,1.140349,-0.26241872,2.8258414,-1.9893181,-0.43563318,0.54789525,1.9058292
53,-1.5658287,0.00036496643,-1.3855166,-1.7693378,-1.1465008,0.7517981,-1.4198284
54,-2.6517286,-0.2781151,0.5199635,1.0617756,0.8462602,1.8589488,-0.48782027
55,0.22555333,0.034453373,0.9722952,0.9186061,0.23977536,0.3496949,0.20983161
56,0.73612773,-0.0018494413,-0.30326384,-0.00046968766,0.56790036,0.24175668,0.29048827
57,1.5859553,-0.09806319,0.10901036,1.2842048,0.7398927,-0.82002705,0.62399566
58,-2.2039592,-0.91238874,-1.9985337,-0.007878552,0.86704206,-0.16624118,-0.7787088
59,0.85458684,-0.34778032,0.24235955,-0.27957284,0.70766026,0.13862245,0.5834576
60,-2.0385497,-0.4155774,0.7558462,-0.073149346,-0.09785654,0.14869584,0.0066931406
61,-0.1134997,0.39075133,0.32712838,-0.30119252,0.69754595,0.039365023,0.9289293
62,-0.1829447,-0.082174145,0.32664773,-0.17461179,0.5725183,0.11603393,1.1702212
63,2.0375283,0.46381167,0.4603107,2.1678662,1.0014974,0.36247823,0.6046769
64,2.0168304,-0.3014289,0.078983665,-0.08699382,0.40204608,-0.395482,-0.9253376
65,0.43018848,-0.044808507,0.17774479,-0.4939639,-0.38805607,-1.6152846,1.0179404
66,1.0675973,-0.6976068,-0.83284515,0.36262313,-1.1439973,-0.26814052,0.80502415
67,0.12844974,0.36917877,1.1623001,0.68008906,0.28820965,1.2279363,-0.53697264
68,-0.22085372,0.3641247,-0.84840554,0.22778556,0.11052986,0.9254701,-1.1274011
69,-0.72233284,0.26990855,-0.59738666,1.7067863,1.6638587,-0.91326785,0.0069677485
70,-0.64415497,0.39631075,-1.8906516,0.38478026,-0.29524183,-1.1150359,-1.4637846
71,0.028634813,0.3116167,0.64076483,-0.96411526,-1.4944897,0.14976119,1.5969535
72,1.1633548,0.58217645,0.7385713,-0.048087403,0.31956872,-0.87588096,-0.16262598
73,1.8813063,0.10117493,-0.39198524,0.7811633,0.16465922,0.24747269,0.076633036
74,-0.12792213,0.29006717,-0.47783583,-0.04482484,-0.20459384,0.20629348,0.55027246
75,0.74184614,0.24288188,0.240455,0.72478485,0.19184601,0.3721613,0.8140066
76,0.6704718,-0.32084638,-0.6918867,1.7622625,1.1691514,0.57204914,-0.27193135
77,-2.3713806,-0.5345545,0.13309892,-2.4451988,-0.82993597,-0.56946075,0.14568724
78,1.0569592,0.60150117,-0.64556277,0.12953824,0.015913164,-0.21812674,-0.36161062
79,0.36247823,0.10541815,0.87651646,-0.41559666,-1.2087754,0.23852842,0.5491549
80,1.206002,0.041451488,-2.4963872,2.2260354,0.7467083,0.72501487,-0.61010945
81,-1.0842885,-0.10720969,0.14550464,0.6954877,-1.0115429,1.6446991,-0.22921433
82,-2.1971862,-0.15036891,-1.4107988,-3.5550709,-1.9559362,-1.0639701,-0.12824467
83,0.94689554,-0.4984649,-0.81513005,0.14471586,0.6606137,0.4776029,0.089807905
84,0.5288721,-0.028943103,0.15524942,-0.004448515,-0.1861517,1.1549039,-0.78284675
85,1.7117661,0.1940031,0.42059776,-1.2619631,-0.050176606,-0.20031656,-0.49008194
86,-0.77229565,0.34941784,0.7681913,-0.4451819,0.15756637,0.50138825,-0.3663524
87,0.16377841,0.5701609,1.1017356,-0.42679682,0.045467094,0.023217982,1.0191883
88,1.3842442,-1.2590346,-0.13069417,-1.5212909,1.4843141,-1.529661,-0.86645395
89,-1.2542154,-0.37177548,-0.20360735,-1.2519976,0.047178745,-0.86601067,-0.6695322
90,-1.2608681,0.19423097,1.1796981,0.17612137,-0.9513332,-0.7764183,-1.8668709
91,-0.12730177,0.06232249,0.74443483,-1.0272542,-0.5048302,0.70340014,0.99857366
92,1.3515943,0.4327089,1.189039,0.9659448,0.58352345,0.06082422,-0.18622379
93,0.2087456,0.48524702,-0.32286626,-0.45541424,0.831629,-0.3968851,-0.04019221
94,-0.8636059,0.20775549,0.84654737,1.1556264,1.2773201,0.2570517,-0.04573679
95,-0.8734122,0.20399323,0.64410836,-0.37839085,-0.37210056,-0.32550272,-0.3582638
96,-0.32342207,-0.1687936,1.4149114,1.2206062,-0.099388,-0.026632477,-0.34892726
97,-0.7111487,0.17769077,0.1328905,-0.11344113,-0.52857405,0.5922717,0.27315465
98,0.9625163,-0.24280553,-0.60757065,0.96406347,-0.75760114,0.9508918,-0.26686302
99,2.489899,-0.1431221,1.3998054,-0.78477234,-0.3931216,2.0100257,0.5022354
100,0.4701119,0.5535329,-1.1091614,1.1457924,1.6116029,0.44404978,-1.8549725
101,-0.19917937,-0.0800255,-0.30981898,0.50080377,1.3034698,0.03342924,0.45494813
102,-1.7161189,0.27739415,-0.37063706,1.8468097,0.41994032,-0.35591078,-1.7319001
103,0.21869119,-0.06621189,0.94166195,0.4081444,-0.24056955,-0.55118376,1.2792062
104,-1.211406,-0.47386134,-1.1903589,0.51155674,-0.7345501,2.0054069,-1.2702637
105,-0.17268077,-0.58371425,0.015060724,0.21173388,-1.3445244,-0.88855624,1.433315
106,-0.99382436,-0.2065295,-1.025514,-1.8606853,-0.62336516,-1.0102019,-0.5113807
107,-1.6552719,0.14763604,-0.23672672,-0.19570372,-0.16673228,-0.980149,-0.35061896
108,0.94038516,0.61867964,0.2082637,2.1187088,2.0818832,-0.74808705,-0.33368477
109,-1.2127173,0.28398037,-0.42756608,0.061250657,-1.2721308,1.756657,0.54064727
110,-1.7278339,0.29737285,-1.6997912,0.6642039,-1.2612379,-1.6915996,0.35607105
111,0.8444462,-0.59818685,0.29288122,-0.42635322,-0.21895552,-1.0838034,0.19599938
112,-0.3174036,0.7244888,-0.30625746,0.46138948,1.3403988,-1.8179227,-0.6148965
113,0.7252622,0.6331857,1.2634773,0.9946819,0.06100085,0.50217634,0.5911457
114,-0.66036296,-0.15554252,-1.9066911,1.1268444,-0.08531574,0.9516601,-0.528977
115,-0.6973239,-0.3498934,-0.45418736,-1.3809594,-0.6885729,-2.8488746,-0.55518293
116,-1.9323301,-0.18974559,0.5448181,0.78975433,0.3461061,0.27543202,0.99480546
117,0.34091228,-0.26589936,-0.1782675,0.68297815,-0.9256373,-1.0567372,0.17647459
118,1.2459451,0.68724585,1.4543647,0.57203424,-0.16751163,-0.19494711,0.13959141
119,-0.10358648,-0.32931384,0.1658808,-2.671532,-2.3678424,-0.29958886,0.15010285
120,0.014503116,-0.7379489,-0.47558254,0.9258966,-0.84562796,1.0867507,-0.646379
121,0.04644204,-0.060149368,0.49628118,0.69747114,0.70108217,0.57624847,-0.46765587
122,-2.1200483,-0.1699388,0.86626846,-0.75139123,-0.6058872,-0.0800553,0.33253178
123,-1.5317036,0.20784757,-1.9404933,-0.638867,0.085076705,0.59962606,0.3205435
124,-0.0630172,-0.6400364,-1.0495608,0.5945681,-0.88171005,1.1266223,-0.39631277
125,-1.3515625,-0.34825572,0.46208844,0.040742252,-0.7305708,-0.04822425,-1.1471208
126,0.4711671,0.7978482,0.7641132,-0.22767358,0.34205276,-0.123027325,1.7040328
127,0.7369212,0.23608567,0.386364,1.7494551,0.09126846,0.92628026,0.13602956
128,-0.2521973,-0.14280926,1.5962758,-0.76685715,-0.04152039,-1.1435215,0.61118543
129,1.1330506,0.056786947,0.29787713,0.10518708,0.51808625,1.3874408,-0.47929093
130,-1.3460633,0.43897712,0.34243038,-0.40179673,-0.4527048,0.05703667,1.0268209
131,1.8110209,-0.60766715,-0.025225518,1.2877871,-0.08523687,0.3364141,0.19900803
132,0.9993531,-0.04804158,-0.7517993,-0.08973469,0.26387376,-0.42325625,-0.92588884
133,1.9991578,0.06078179,2.5932078,0.20758729,0.31756163,0.92935693,1.6635531
134,-0.37217078,0.07591774,-0.27458555,-1.2275631,0.5162643,0.39364147,-0.058973543
135,-0.15060754,0.057602514,-0.23159705,-0.29784995,0.10287376,0.074362226,-0.79309154
136,0.19192098,-0.1703953,0.8315259,-0.8216736,-0.5846555,-0.19598858,1.5197432
137,-1.3281946,-0.064499736,-1.159533,-0.9857201,-0.92253846,0.6648004,-0.89865875
138,0.17823598,-0.16547684,0.8135886,0.7467539,0.08665005,2.0032814,0.62081134
139,-2.1678905,-0.38773447,-0.77196926,0.33998388,-0.6683523,0.35715482,-0.23327476
140,0.7177664,0.10180177,0.35288835,-1.8846527,-0.17710447,-0.4038078,0.36910605
141,-0.26532605,-0.06780175,-0.34524998,-0.091988154,-0.31009883,-1.7356843,-0.051701028
142,-0.8923223,0.01706539,-0.63280106,0.045287486,-0.427476,0.119289465,-0.9688344
143,1.380011,-0.21387899,0.64071685,0.79601836,0.36463544,-0.64102185,-0.170517
144,-0.67686176,-0.37399203,-0.82512736,0.8015822,0.21215849,-0.16955467,-1.2831899
145,-0.95927954,-0.091889225,0.10748283,-1.1412308,-1.6660961,-0.22978474,-0.49283406
146,-0.2746446,0.0680687,1.0249859,-0.5334116,0.25900337,-1.1701188,-1.202254
147,0.9224025,0.2439378,0.33658725,0.19984147,0.03052976,0.8744586,1.4699867
148,1.4558679,-0.18886279,-1.7830971,0.73267204,0.19325814,0.93137544,-0.12008844
149,0.48810002,-0.32104307,0.92552996,1.5485425,0.30134037,0.97330946,-0.55309045
150,3.0376384,-0.2411669,0.7705075,1.1739633,0.32294568,1.603342,0.6237498
151,0.037117627,-0.4369338,2.2531846,-0.036393393,-0.8970601,-0.8449395,0.33034393
152,1.8363024,-0.026628627,0.23522584,-1.533722,0.25842676,0.49362394,-0.16563317
153,0.30079025,0.27118888,0.03647536,0.13384527,0.5882488,1.0607244,0.42167568
154,1.6429484,-0.07285685,2.7359402,-0.32009876,-0.03315869,2.5827606,0.6851527
155,1.3782084,-0.11794472,0.50687057,-1.1741198,-1.1414888,0.23713106,0.35336396
156,-1.5751054,0.05167746,0.21155608,-0.7099628,-0.36665154,-0.12707826,0.6216951
157,0.078800924,-0.18250012,0.046214044,0.44345555,-0.19429018,0.5126528,0.65576625
158,-1.5500977,-0.60999274,0.22350511,-0.91164815,-0.33223823,0.53682905,-0.6107874
159,0.17779785,-0.4875911,-0.4516501,0.40999907,0.43280476,2.7487543,-0.39694366
160,-0.7661268,-0.12366567,-0.78167194,-0.62049174,-0.3187696,-0.3057598,-0.36196202
161,0.34994793,-0.30344498,-0.27390447,-0.43130144,0.47545433,1.1070515,0.7231311
162,1.9027652,0.060010266,-0.10318493,1.4378191,0.15597998,1.2033166,0.4925467
163,-0.67140436,0.24698722,-0.90890425,0.9162787,0.14669435,0.05410892,-0.5004284
164,-2.3822572,0.3848668,-1.4602247,-0.6457869,-1.1685905,-0.9891511,-0.43477097
165,-1.6135254,-0.3841757,0.62171274,-0.58144367,-0.6074083,0.8337049,-0.5831219
166,-0.18740553,0.11094733,-0.41425246,1.4976993,1.1912864,1.3185681,0.019107265
167,2.5160542,-0.090877175,-1.0551583,-0.47477812,0.17181922,-0.42636457,1.450001
168,-0.081677005,-0.15611729,1.3022759,-2.5296254,-1.7472073,-1.0504236,-0.10018145
169,-1.9541053,0.267433,-1.4482566,-0.47462514,0.19357982,-1.3870261,-0.74057794
170,0.24423105,0.6784225,1.9289117,0.8307611,0.380428,0.3679422,0.99854165
171,0.64252186,-0.19011681,0.7019709,0.51259065,-0.15512519,-0.4167063,-0.5902847
172,2.154799,0.24945621,0.050786216,-3.8314555,-1.4385258,-1.1273609,0.023247045
173,0.83257127,0.28159887,0.6701073,-1.0155188,0.5150378,-0.28429693,-0.24400766
174,-1.2362885,0.33279997,-0.3594049,-1.0819421,-0.05203793,0.80930763,0.27144563
175,0.45581695,0.059075437,0.36723375,0.52632517,0.78527033,-0.6460092,0.20652592
176,0.4813857,-0.017591823,0.34933922,-0.040980384,0.1425702,-0.9078298,0.51880443
177,-0.2329863,0.220604,0.028890662,2.0627215,0.3755487,0.91763055,0.017759928
178,0.48115796,-0.149855,0.062065013,-0.1347143,-0.41419065,0.5064782,0.37956882
179,-0.20158215,-0.16555126,0.8309595,1.2915491,0.40280864,0.25664937,-0.10248039
180,1.955129,-0.48109698,-0.5987612,-1.0061214,0.9671589,-1.1245142,-0.019351808
181,2.1592183,0.13527188,1.8753626,0.4514779,-0.060165357,0.26842162,0.6736645
182,0.0903031,0.041204385,2.8330984,-1.0691236,-0.878923,0.06362689,1.6363602
183,-0.35640725,0.094463825,0.45232698,-0.4012115,-0.64835846,0.6244611,-0.73928493
184,0.33894712,-0.3484406,-1.3728805,0.97091347,0.57085174,0.31041133,0.39481202
185,-0.32236865,-0.097301885,-0.94421804,0.01891851,0.046147782,-1.3421073,0.27646822
186,-0.9319911,-0.83779854,0.59090054,-0.23595983,-0.90730804,0.39877957,-0.9037201
187,0.40863073,-0.15148611,1.2273937,0.9058245,0.15798718,-0.34297898,-0.23501593
188,0.2969916,0.19103566,1.7623065,-0.07240046,-0.4858197,1.1901622,0.9181063
189,-1.8857352,-0.1903389,0.106673904,-0.44338143,-0.37259325,1.2248529,-0.15572432
190,-1.8903891,-0.11224719,0.0887773,-0.9495476,-0.21070936,-0.30963784,0.07994355
191,0.07069503,-0.3608504,0.49149954,0.6546673,-0.7114168,-0.0019692064,-0.6599187
192,1.9868844,0.41956246,1.9817427,-0.82024735,0.21900548,-0.3471675,0.096580915
193,0.69513947,-0.33728862,0.4734186,0.16509968,1.2726465,0.3767607,-0.40040684
194,0.18526766,0.050372083,0.35107738,-0.87488586,0.7689894,0.21387048,1.3118935
195,-1.443353,-0.36740485,0.35789004,0.83655435,-0.41219768,0.16981961,-0.3448249
196,-0.8895505,0.074014135,-1.0201694,0.007441126,0.07558945,1.0940064,-0.638573
197,-0.39868936,0.89029014,1.286668,0.85452473,0.27434456,1.0305837,-0.678558
198,2.2522771,-0.14557621,0.6344403,0.80023396,0.68470055,0.36168092,1.2708935
199,-0.8945048,-0.53447264,-1.6855441,1.2238172,-0.31297553,1.7496035,0.17914312
200,-1.2251118,-0.31542248,0.23154159,-2.5274987,-0.6437525,-2.4473255,-0.9141916
201,-2.2745428,-0.18254781,-0.44873425,0.6880462,-0.34240142,0.8929724,0.7816707
202,-0.5146043,-1.1106325,-0.24002956,-0.5176638,0.5445874,-0.7706833,1.4245973
203,-0.09219466,-0.2831852,0.006013253,-0.08699689,0.9049644,-0.9152346,-0.7009144
204,0.7440894,0.39904672,-0.4973075,-1.1419466,-0.5184888,-0.35391328,0.21264474
205,1.5170239,-0.098768435,-0.4528111,-0.24156682,-0.21468064,1.2142588,-0.061908234
206,0.034871,0.32145485,0.2533321,0.6723785,-1.3500854,-0.9835211,-0.47266665
207,0.99938565,0.1496251,0.122797646,0.8956687,0.6116951,-0.13878785,0.64079344
208,0.6575307,-0.72567654,-0.9232644,0.965701,0.78125554,1.042569,-0.2849996
209,0.00246057,-0.023209004,0.100634575,-0.022041956,0.099139996,1.1405319,0.3460481
210,1.1826074,-0.32271826,0.9520215,-1.1951951,-0.96470094,-0.74383533,1.4389273
211,1.8787488,0.5886066,1.4814329,-0.85356885,0.11646432,-0.035288498,1.8591428
212,0.30330136,0.0796142,0.9193715,-0.64948237,0.034223996,1.0401583,-0.808494
213,-1.2681038,0.49527228,0.79832035,-0.43026227,-0.71490765,-0.8599443,0.17272548
214,0.81792074,0.31551093,-0.67121464,0.94312465,1.4149718,2.037561,-0.32435513
215,0.28678837,0.5195953,-1.0147593,-0.5722438,0.9170046,0.248392,-0.3107895
216,-2.1509283,0.14157419,-0.33051008,-0.6609694,-1.1011132,-1.3439422,0.96373695
217,-0.33061513,0.05023624,0.06968626,-1.0866424,-0.8320855,0.55470043,-0.7255598
218,-2.2839153,-0.41191313,-0.41127652,-0.37644672,-0.7286305,-0.6675434,-0.7052687
219,3.1223452,0.03093755,0.8715385,1.3068159,0.10943076,1.3404382,1.4501107
220,-0.4851191,0.123317905,-1.5581646,1.1618987,1.125102,0.505571,-1.5918559
221,2.1008782,-0.5277614,-1.8906755,-1.7399058,-0.5230677,-2.4486377,0.45636517
222,1.9844517,0.15788282,0.3132115,0.6000847,0.43022373,0.9251933,0.51303077
223,-1.4768858,0.095280685,-2.8362556,-0.17272048,0.33467728,-0.30752614,-1.9537262
224,-0.38575318,0.06546081,-1.5297866,0.15921906,0.7492214,0.84565735,0.46798
225,-1.0661979,-0.26566076,-2.885378,-1.8330607,-0.21239206,-1.1797117,0.4054562
226,-0.57562447,-0.6124705,-1.0274163,-0.33308053,-0.37758508,1.2365018,0.35087666
227,0.8929938,0.119898416,0.11657284,-1.6216248,0.27977443,0.19216384,1.3840312
228,0.20958509,-0.29356152,-2.1098723,1.0322688,-0.138393,-0.29029432,-1.4520752
229,1.3560466,0.26242226,-0.4598304,-1.1252743,0.32942295,-0.8596035,0.3352552
230,0.1112663,0.63138956,0.84160745,-0.3097903,0.009955791,0.23887761,-0.11678151
231,-0.36909154,-0.2913241,-0.062904164,0.4988302,0.6485609,0.9606626,1.2978259
232,0.7502249,-0.08752576,-0.8204803,-0.32911694,0.2721969,1.0132688,-1.2412627
233,-0.20845728,-0.07856347,0.72989106,-0.41985604,0.572878,1.2806222,-0.1865418
234,1.1853485,0.7957926,0.65676445,0.42468864,0.3648399,-0.6220142,-0.19824211
235,-0.48327416,0.6658126,0.9156711,-0.6706929,-0.83163434,-0.9591508,0.59554756
236,-1.2393081,0.13228922,-1.3321118,0.48917678,0.1861233,-0.4750986,1.3678755
237,0.38810697,-0.44478372,-0.56537485,0.30740985,0.534935,-0.81729066,-0.30208185
238,0.6090148,-0.40841073,-1.4113071,-0.5689763,-0.92564166,0.65637535,-0.54868287
239,-0.7423862,0.35329774,0.40633836,0.8490279,-0.2693048,0.10083113,-0.69819087
240,0.84671026,0.5474413,0.4362153,0.9783195,0.075519584,-0.74827665,1.1936494
241,-1.4714618,-0.087348744,-1.6120893,-1.485591,-0.4359056,0.42427078,-0.077319175
242,0.541583,0.425046,2.3223317,0.008997421,-0.523293,0.26565212,1.2669832
243,-0.47456935,-0.45922837,-0.7913323,1.2540439,1.1680158,0.73794407,-1.1526245
244,0.67534286,-0.30058038,-1.2920676,-0.68362,-0.046401583,-0.8211741,0.5550577
245,0.5612315,-0.09837569,-0.1566223,-0.15122661,-0.29180452,0.8240114,-0.9043989
246,-0.33930677,-0.56827974,-0.51772803,1.8042636,1.5925566,-0.97378594,-0.83937687
247,1.3863591,-0.831712,-1.3495958,0.17060779,0.13555004,0.17342176,0.04398087
248,0.35076973,0.1157433,0.4358415,1.2094254,0.768745,0.4574465,-1.0209831
249,0.80544966,0.036570262,1.6347045,-1.941946,-1.0035188,1.7363015,0.67108315
250,0.43523446,0.22272915,0.27452576,0.05722726,0.40313604,-0.57075226,-0.22049148
251,1.6153238,-0.45858496,0.6651467,0.6651011,0.14002898,0.5620945,0.5528521
252,-0.07706788,-0.18587908,-1.5813535,-0.1713991,0.6809714,0.23949382,0.3530056
253,-1.5829169,0.23249754,1.3514774,0.15637077,0.29555634,-0.123701245,0.99749184
254,-0.2132477,0.2852439,-0.6857339,0.6749964,1.3691835,-0.72929937,-0.65032583
255,2.6396556,0.6800281,1.1541134,1.0732108,0.11087589,1.3270416,0.57432705
256,0.47305816,0.2787127,-1.329033,1.0953645,0.7366332,0.05748982,-0.039708596
257,-1.5998409,0.114893235,1.0448996,0.15500435,0.49891898,-1.3064901,0.860257
258,1.2448049,-0.55252403,0.046108346,-1.5303432,-0.32634127,-1.7697155,0.32251078
259,2.1012387,-0.123649575,-0.86849385,1.1194564,0.46992025,0.33166635,0.36039641
260,-1.3006287,0.45721394,-0.46295822,0.73874897,-0.73160845,0.13779785,-0.5510024
261,1.2618539,-0.018103445,-0.16506664,1.4911635,1.1243643,1.6346726,-0.7453341
262,-1.444655,-0.034643088,0.36592266,0.59972507,0.41801044,0.1900598,-0.432353
263,-0.9378562,0.61996526,1.0690546,-0.77393746,-0.02178621,0.61813444,-0.47737908
264,-0.054376375,0.31242543,-0.89662147,-1.3206111,0.5370241,-2.177425,0.65713596
265,-1.4455475,0.30220327,0.64959127,0.3289306,-0.44494477,1.0813248,-0.44012895
266,2.12898,0.014043089,1.0986755,-0.6419205,-0.35871485,0.7732145,0.5084307
267,0.38145435,-0.7584302,-0.055473648,1.5540804,-0.43406746,0.7050575,-0.16522798
268,0.57484204,-0.17011522,-0.2263385,-0.428959,0.27744985,-0.52854353,-0.27026048
269,-1.4247898,-0.059692618,0.082000874,-1.0457263,-1.38572,-1.305983,-0.59000117
270,-0.13388099,0.34092632,0.4955234,-0.62920046,1.4142383,-0.61679643,0.061444547
271,-1.3578198,0.13339283,0.2943613,0.4891064,0.38601905,-1.1043717,-0.4178132
272,0.7955446,0.85105675,0.7314763,1.327885,1.3120619,0.8449962,1.1087434
273,-1.1612763,0.2661755,0.056929477,-0.45560318,-1.0128341,-0.23094259,-0.40864357
274,1.9840497,-0.96469975,1.4411978,1.1517917,-1.6844345,0.77089185,0.6893759
275,-0.9540755,1.1576017,0.5838226,-0.9302555,1.9709725,-0.40845317,0.1181523
276,-0.20520079,0.1595382,0.20254487,0.65558344,0.47860935,1.8442549,-1.0312066
277,2.1131127,-0.34974852,-0.52503157,1.2980237,-0.29696882,1.8819994,-0.34548506
278,-0.21773082,-0.8106565,0.8754742,-0.011345753,-0.8498563,-0.7402426,0.4595782
279,1.0699569,0.42895406,0.31235862,0.026488865,0.7269523,0.99908024,0.05319508
280,-0.39120957,-0.17772195,1.4470887,-1.3288792,-0.6525575,-0.11954778,-0.056749918
281,1.0449473,0.040113874,1.284787,-1.4985168,-0.2675615,-2.4219446,0.6413365
282,0.92207026,-0.5203279,-0.27976534,1.1046106,0.5405505,1.0948274,0.79442394
283,-1.5591716,-0.27020982,-1.5874741,-0.18396747,-0.64888877,-0.9612466,0.4431722
284,-0.08798693,-0.053307902,-1.9292108,-0.95891476,-0.8230935,0.4225621,-0.8524142
285,-0.912983,-0.049247254,0.3736041,-1.077023,0.06259018,-0.6775467,1.4558856
286,-0.9280558,0.5588243,-1.5622767,0.607912,-0.21139015,1.9103304,0.33692133
287,-0.34064293,-0.20377511,1.4799083,1.11313,0.5939625,-0.4233902,-0.09310825
288,-0.4793134,0.6415172,0.18172051,-0.10072874,-0.9892835,0.8837868,-1.4530339
289,-0.4429055,-0.4321874,-0.8199545,0.01707316,0.5452655,0.41336346,-0.65482193
290,-0.88020563,0.28029773,-1.4251691,0.27972904,-0.9058706,0.3718899,-0.9545631
291,0.73991454,-0.20560414,-1.0176138,1.6086605,-0.0511263,1.2140317,0.65739596
292,-2.166085,0.01993996,0.41703662,1.0126082,-0.42691824,0.2440763,-1.4369844
293,-1.1891441,0.1038057,-0.9514395,1.9683596,0.6087476,-0.2227236,-0.05152023
294,-1.0889119,-0.43129027,-1.3280218,0.25068277,-0.77967775,-1.1675826,-0.5104961
295,-0.45037526,-0.12700936,0.14280306,-0.7398242,-0.36237064,-0.31898144,-0.9292054
296,1.9100239,0.17460373,1.6087971,0.7368429,0.090178065,1.3108397,0.5780223
297,-2.1714385,-0.42765456,-1.0076563,1.5621496,-1.1378858,0.81628984,-0.6595381
298,0.057951245,-0.17128494,0.65446293,1.8116713,0.8654747,-0.040111944,-0.7938515
299,2.0664825,0.36717278,1.3882161,-0.15076485,-0.073406056,0.09247177,0.07152547
300,-0.25754973,0.19713022,1.7532467,0.1237108,-0.18054391,-0.30713856,1.1823616
301,-0.31307405,-0.109989986,-0.36122498,-0.39115193,0.6966523,0.06443843,-0.6597501
302,0.8051036,0.7241642,0.98360026,0.861384,-0.4553375,0.17576368,0.41020638
303,1.1819788,0.008162117,1.6877232,-1.2031493,1.0093328,0.024734626,1.2881
304,0.3774022,0.08889179,-1.4018052,0.098343864,0.2855639,-0.5713234,-0.32987046
305,0.5300138,-0.7572916,-0.04871656,-0.14105476,-1.4416629,0.09236705,0.100391775
306,0.71188116,0.35020936,1.4817399,-0.8973007,-0.7496806,-0.17969963,1.0384632
307,2.284189,0.16318442,2.5477285,-1.9566966,-0.8848722,1.1397022,0.9623764
308,2.4455783,0.1805638,0.16089305,2.0936658,0.9841516,-1.0949987,-0.27677572
309,0.93588287,-0.25698146,-0.8907378,-1.2736588,-0.44653773,-1.0172572,0.96737254
310,-0.06136878,0.06250821,-0.95337677,1.7899648,1.4606047,-0.7230967,-1.2310851
311,-1.6615207,-0.44538742,-0.7875232,-3.0387785,0.0042631933,-2.3287327,0.114790566
312,1.4190292,0.5866913,0.837156,0.49439642,-0.5123401,-0.58882517,-0.104716495
313,0.62297934,0.30556566,0.7334909,0.15777548,0.45369074,0.0539702,-0.13082246
314,-0.76677775,-0.40699577,-0.11304155,0.7199738,-0.07487843,1.7483697,-0.9841347
315,0.87815124,0.0790669,1.018274,-0.6326455,-0.16701451,-1.8385943,-0.23117091
316,-1.2447441,0.17691122,0.5226755,2.231707,0.041296117,0.97473437,-0.7295972
317,0.68035513,-0.5890198,-1.3917258,-1.4180511,0.049208213,-1.0530965,-0.11942783
318,0.6285293,0.22761954,0.6772702,2.7670276,0.7412386,1.5298182,0.016791202
319,-0.38449097,0.098788925,-0.7037544,-0.42359126,-0.34118527,0.62983197,-1.1910934
320,-1.4364502,-0.45005867,-0.4209235,-0.84016395,-0.10051027,-0.77362186,-1.0098711
321,0.36890554,-0.03648388,-0.37828776,1.2250046,-0.5889853,0.08222135,-0.823779
322,-1.2924513,0.14764193,-0.33868566,-1.2562277,0.8709547,-0.5574009,-0.61953413
323,1.5410235,-0.6541461,-1.1268339,-0.82900983,-1.0566499,-0.5383875,-0.26821366
324,-0.29522407,-0.21917205,-1.5611535,0.21902512,-0.15281881,-0.6129673,0.022364514
325,-0.74555016,0.023247218,-0.64111376,0.37531835,1.3543955,0.68208843,-1.8306773
326,1.8328646,0.04630343,0.65611047,-1.288746,-0.0665798,-2.1773431,-0.21605924
327,-1.0334498,-0.7026954,0.23719223,-0.321505,1.3009824,-1.1572407,-0.36483803
328,-1.1122116,-0.13129282,0.5552716,0.58885944,-0.7562352,0.985644,-0.3208345
329,2.1034634,-0.5414375,0.16269396,-0.8913094,0.81368035,-0.26502693,0.47235128
330,1.0262318,0.26752156,-0.14273445,-1.9597749,-0.6250835,-0.5219917,-0.107380345
331,0.63566434,-0.012330414,-0.3061687,1.4371226,0.39287078,0.47416312,0.3628017
332,-0.4279271,-0.12412124,-1.1045898,-0.6820352,-0.440979,0.18192527,-0.15568767
333,-0.7092553,-0.45605868,-0.24865891,-0.051804356,-0.19915976,-1.0018741,-0.1325489
334,-1.3879465,-0.9207289,-0.42037597,-2.4877524,-0.7269503,-0.3513477,-0.07921264
335,1.2048897,-0.33779684,-0.58563375,1.3142314,0.5743244,-0.60262644,-1.374354
336,-1.0656248,0.5467763,0.9418662,-0.37356615,-0.029080436,0.22611338,0.5736303
337,-0.028710816,-0.14603215,0.15347984,-0.7792728,-0.2512236,0.16050096,-0.64222884
338,0.05063081,-0.31658146,-1.3158146,-0.11222342,-0.5849124,-1.4358693,-0.12142036
339,0.5429719,-0.47243425,-1.4661283,-0.28402564,-0.14780967,-1.0740883,0.09403282
340,-1.7802484,0.13748403,0.9000905,-0.75680697,-0.67498255,0.35204068,1.1079307
341,0.838297,0.24999253,-1.391739,0.12438577,0.16300038,0.15079913,-0.3371842
342,-2.2711012,-0.23194802,-2.1860626,1.5455948,0.4971747,0.55426216,-0.4244052
343,0.3752743,-0.7416122,-0.050520837,-1.0247703,-1.1110405,0.3977509,-0.7480968
344,1.1875716,-0.41619846,-0.12743244,-0.25880197,-0.7154926,-0.18725663,0.7627384
345,0.22200572,-0.28442237,0.08481778,0.07248274,-0.0794445,0.18777138,-0.88035995
346,-0.048289813,0.672617,-0.54572046,-1.8647624,-0.18373977,-2.1373632,-0.5477325
347,1.3487177,0.5155351,0.31521562,-0.41196927,0.11914343,-1.0217417,0.68919754
348,-1.1930785,-0.45266956,-1.1697212,-1.291072,-0.5321888,-0.72257096,-0.7335709
349,-0.43004707,0.08873934,1.3414196,-2.0498416,-0.5959435,0.018739348,1.4621446
350,-1.2960399,-0.044418115,1.1127667,-0.7827766,-0.14460598,-0.11370059,-1.0448616
351,1.1642601,-0.122419484,0.1611084,0.07047299,0.1231584,-0.66897,-1.1271626
352,-0.45384017,0.14178246,0.011317534,2.0100873,0.8903732,-1.0997869,-0.17234918
353,-2.0191307,-0.21988893,-1.946512,0.97522146,0.7469604,-0.7526374,-1.4628184
354,0.42944106,0.08975677,1.1345937,0.5734836,-0.10030475,0.58664906,-0.09424979
355,-3.2864327,-0.21776375,0.27426648,-1.0102171,-0.46619022,-0.11920099,-0.27107957
356,-1.7448066,-0.538727,-0.6143645,-0.5511272,-1.1769725,-0.18604702,-0.0866798
357,-0.86636525,-0.28689548,-0.42770794,-0.60095024,-0.50316125,1.3541313,-0.37210646
358,1.3792588,0.30074742,0.91791654,1.1505688,-0.19524467,0.9575275,0.45003656
359,-1.7767227,-0.06898096,-2.364707,0.35315162,0.13042134,0.70424944,-1.4655632
360,-0.2909808,0.40537268,-1.1274036,1.4178349,0.84162897,0.7012297,0.9526665
361,-0.5276299,-0.1697191,-0.39167398,-2.9581568,-0.70664626,-1.4165057,1.4474752
362,0.7955244,-0.49187484,-0.38847652,-0.11620232,0.30748397,-0.06649209,0.71224976
363,0.8417095,0.39877537,-0.6097992,-0.366667,-1.1039563,-1.5231732,-0.5922203
364,-1.0872953,0.5337565,-1.5938885,0.8552856,0.79971284,-0.35490674,-1.0694488
365,-0.5207853,0.5321044,0.0914617,-1.4463742,0.24270463,-0.40392378,-1.2796111
366,2.1112378,0.36569077,0.96021056,-0.92038137,-0.16263226,-1.1671753,0.28156233
367,1.4740462,-0.13844725,0.49171987,0.5263032,0.6084824,-0.84012485,0.39264876
368,-0.61903274,-0.03884701,-0.9855799,1.1055998,-0.5928626,0.53336775,-0.90104145
369,-0.03646441,-0.14293736,0.72004676,1.9710743,0.8061957,0.5107272,0.020420782
370,-0.4816998,-0.13870136,0.0062640854,0.33284044,0.037391704,0.116744995,0.9596687
371,1.6376779,-0.113001354,0.5156736,0.7376877,1.1719698,0.57900596,0.5136359
372,-1.1661317,0.07230042,0.49353257,0.23698087,0.77159655,1.0777656,-0.059166268
373,0.84676486,-0.00050481554,-0.09645925,-0.09022987,0.3667457,-0.49183556,-2.038086
374,-0.3510022,0.009411648,0.25177515,0.4093201,0.65631557,0.10471385,0.22147873
375,-1.484595,0.3499984,-0.3802101,1.2058766,0.17036946,0.65731955,-0.14189725
376,-0.1191091,-0.024923736,0.7873097,0.45403755,-0.022578895,0.51484597,0.54300785
377,-1.2879739,-0.002076811,0.46437576,-0.59703565,-0.35977426,-0.38067168,-0.9593881
378,1.4955186,-0.710795,0.04724658,0.31050548,1.7498127,-0.43352938,0.79436046
379,-0.7020439,-0.48319012,0.7341307,-2.2643812,-0.8651336,-0.78753424,1.2383744
380,0.5814639,0.096166134,1.1486521,0.73578674,0.56862235,1.5954778,0.8630577
381,-0.044447105,0.1337858,-0.17737181,-1.5784023,-0.39857844,0.02405501,0.7172387
382,1.4165852,-0.21081397,-0.7870113,1.392866,0.49425027,0.55778015,-0.28355426
383,-0.72280777,0.6870998,-0.38496193,0.6339256,-0.08336887,-0.45527294,-0.014230097
384,0.092787705,0.38861534,0.6008833,-0.079613194,0.30757323,-0.40752572,0.06444114
385,1.8869518,-0.22036844,-1.8044115,0.8817454,0.09878567,0.14703165,0.31448102
386,-0.78288054,0.2581864,-0.48585412,-1.0840702,0.88361347,0.49067718,-0.09600537
387,1.7594433,0.46487236,-0.8015995,0.62096155,0.46562758,-0.31612992,-0.53044045
388,1.1839285,0.24233036,-0.4595021,1.7918779,0.19572595,2.659932,-0.18931231
389,0.56242245,-0.4142788,-0.18306276,0.36249194,0.052360963,0.0154206,-0.42244574
390,-0.7947097,-0.33582407,-0.36910743,-0.49929923,0.7575991,-0.5677259,0.54547614
391,1.1208757,1.1490449,-0.1583809,1.8037367,0.6979509,0.9427894,-0.7235893
392,-0.52072394,-0.9762966,-0.3880406,0.7800255,0.6407461,-0.49912742,2.5451984
393,2.4284809,0.45256042,0.41892323,-1.073612,-0.44324893,-1.8454642,0.820295
394,2.1552231,0.36143404,0.61324066,0.9462727,0.36443776,1.6894464,-0.2817346
395,1.7131027,-0.5026147,0.8120938,-1.0931133,-0.87185025,0.6521347,0.90744805
396,-0.47336105,-0.021021536,-0.38010263,-1.5974586,-0.16082029,-1.4730948,-0.7433907
397,-1.628199,-0.7433959,-0.41235083,0.69804054,0.3254295,-1.1062759,-0.1348103
398,1.2976097,0.19968872,0.69085246,-1.4480041,-1.1070924,0.42061642,0.0076881703
399,0.16059399,0.001963917,-0.5357972,-0.7509983,0.19217725,0.11578636,1.0727235
